name,battingStyle,Batting Avg,Strike rate,bowlingStyle,Bowling Average,Economy,team
MarkWood,Right hand Bat,11,220.00000000000003,Right arm Fast,11.818181818181818,8.125,Super Giants
PatCummins,Right hand Bat,22.285714285714285,195,Right arm Fast,28.0625,9.621428571428572,KKR
DavidWiese,Right hand Bat,21,190.9090909090909,Right arm Medium fast,0,12.666666666666666,KKR
TimDavid,Right hand Bat,27.866666666666667,177.87234042553192,Right arm Offbreak,,,RCB
HeinrichKlaasen,Right hand Bat,49.77777777777778,177.07509881422925,Right arm Offbreak,,,Sunrisers
RashidKhan,Right hand Bat,20.266666666666666,176.74418604651163,Legbreak Googly,20.904761904761905,7.203281677301732,Sunrisers
DhruvJurel,Right hand Bat,21.714285714285715,172.72727272727272,Not Available,,,Royals
KrishnappaGowtham,Right hand Bat,15,171.42857142857142,Right arm Offbreak,27.125,7.75,Super Giants
AkashDeep,Right hand Bat,8.5,170,Right arm Fast medium,44,11.076923076923077,RCB
MohammadNabi,Right hand Bat,11.333333333333334,170,Right arm Offbreak,43,10.75,Sunrisers
LiamLivingstone,Right hand Bat,30.32,167.6991150442478,"Right arm Offbreak, Legbreak",37,9.866666666666667,Royals
DwayneBravo,Right hand Bat,23.333333333333332,166.66666666666669,Right arm Medium,18.733333333333334,8.264705882352942,Super Kings
PhilSalt,Right hand Bat,27.25,163.90977443609023,Right arm Offbreak,,,Capitals
MayankMarkande,Right hand Bat,0,161.53846153846155,Legbreak,29.46153846153846,7.979166666666667,Royals
GlennMaxwell,Right hand Bat,34.68571428571428,161.43617021276594,Right arm Offbreak,32.833333333333336,7.827814569536423,RCB
SuryakumarYadav,Right hand Bat,35,160.55045871559633,"Right arm Medium, Right arm Offbreak",,,Mumbai
CameronGreen,Right hand Bat,50.22222222222222,160.2836879432624,Right arm Fast medium,60.166666666666664,9.5,Mumbai
AkealHosein,Left hand Bat,0,160,Slow Left arm Orthodox,40,10,Sunrisers
ObedMcCoy,Left hand Bat,8,160,Left arm Fast medium,22.727272727272727,9.316770186335404,Royals
JiteshSharma,Right hand Bat,25.857142857142858,159.23753665689148,Not Available,,,Punjab Kings
AndreRussell,Right hand Bat,27.59259259259259,159.18803418803418,Right arm Fast,18.228571428571428,10.235294117647058,KKR
AveshKhan,Right hand Bat,13.5,158.8235294117647,Right arm Fast medium,23.72340425531915,8.341645885286784,Capitals
ShimronHetmyer,Left hand Bat,40.666666666666664,157.2744014732965,Not Available,,,Capitals
DwainePretorius,Right hand Bat,11,157.14285714285714,Right arm Medium fast,39.666666666666664,9.52,Super Kings
NicholasPooran,Left hand Bat,24.3,157.11206896551724,Right arm Offbreak,,,Punjab Kings
DushmanthaChameera,Right hand Bat,10.75,153.57142857142858,Right arm Fast,42.666666666666664,8.727272727272727,Super Giants
LockieFerguson,Right hand Bat,11.5,153.33333333333334,Right arm Fast,28.73076923076923,8.75390625,KKR
PrithviShaw,Right hand Bat,25.46875,153.1954887218045,Right arm Offbreak,,,Capitals
DineshKarthik,Right hand Bat,24.75,152.6431718061674,Right arm Offbreak,,,KKR
YashasviJaiswal,Left hand Bat,34.303030303030305,152.1505376344086,Legbreak,0,36,Royals
EvinLewis,Left hand Bat,28,150.33557046979865,Not Available,,,Royals
JaydevUnadkat,Right hand Bat,18.166666666666668,149.31506849315068,Left arm Medium,45,9,Royals
RinkuSingh,Left hand Bat,49.84615384615385,149.30875576036865,Right arm Offbreak,,,KKR
KyleMayers,Left hand Bat,30.416666666666668,148.3739837398374,Right arm Medium,0,8.428571428571429,Super Giants
ABdeVilliers,Right hand Bat,31.3,148.34123222748815,Right arm Medium,,,RCB
RileeRossouw,Left hand Bat,29.857142857142858,148.22695035460993,Right arm Offbreak,,,Capitals
JosButtler,Right hand Bat,41.916666666666664,146.93281402142162,Not Available,,,Royals
ShardulThakur,Right hand Bat,13.222222222222221,146.9135802469136,Right arm Medium,28.372093023255815,9.44516129032258,Super Kings
ShashankSingh,Right hand Bat,17.25,146.80851063829786,"Right arm Medium, Right arm Offbreak",0,10,Sunrisers
VivrantSharma,Left hand Bat,69,146.80851063829786,Legbreak Googly,0,12.333333333333334,Sunrisers
RovmanPowell,Right hand Bat,19.76923076923077,146.02272727272728,Right arm Medium fast,35,11.666666666666666,Capitals
ShivamDube,Left hand Bat,32.310344827586206,145.95015576323988,Right arm Medium,0,12.142857142857142,Royals
MarcusStoinis,Right hand Bat,26.875,145.27027027027026,Right arm Medium,25.818181818181817,10.142857142857142,Capitals
NehalWadhera,Left hand Bat,26.77777777777778,145.18072289156626,Legbreak,,,Mumbai
BhanukaRajapaksa,Left hand Bat,21.307692307692307,145.0261780104712,Right arm Medium,,,Punjab Kings
SanjuSamson,Right hand Bat,32.6,144.56762749445676,Not Available,,,Royals
TilakVarma,Left hand Bat,38.94736842105263,144.53125,Right arm Offbreak,0,6.666666666666667,Mumbai
ArjunTendulkar,Left hand Bat,13,144.44444444444443,Left arm Medium fast,30.666666666666668,9.35593220338983,Mumbai
VijaykumarVyshak,Right hand Bat,13,144.44444444444443,Right arm Medium,28.11111111111111,10.541666666666666,RCB
RajatPatidar,Right hand Bat,40.4,144.28571428571428,Right arm Offbreak,,,RCB
AtharvaTaide,Left hand Bat,26.571428571428573,144.1860465116279,Slow Left arm Orthodox,,,Punjab Kings
PrabhsimranSingh,Right hand Bat,23,143.75,Not Available,,,Punjab Kings
UmranMalik,Right hand Bat,11.5,143.75,Right arm Fast,26.103448275862068,9.326488706365502,Sunrisers
AjinkyaRahane,Right hand Bat,25.944444444444443,143.6923076923077,Right arm Medium,,,Capitals
SamCurran,Left hand Bat,25.53846153846154,143.10344827586206,Left arm Medium fast,43,10.107216494845362,Super Kings
RahulTripathi,Right hand Bat,28.5,143.06472919418758,Right arm Medium,,,KKR
DewaldBrevis,Right hand Bat,23,142.47787610619469,Legbreak,8,16,Mumbai
SikandarRaza,Right hand Bat,27.8,141.83673469387753,Right arm Offbreak,39.666666666666664,9.916666666666666,Punjab Kings
DevonConway,Left hand Bat,48.63157894736842,141.28440366972478,Right arm Medium,,,Super Kings
AaronFinch,Right hand Bat,17.2,140.98360655737704,Slow Left arm Orthodox,,,KKR
FafduPlessis,Right hand Bat,43.595238095238095,140.84615384615384,Legbreak,,,Super Kings
JasonRoy,Right hand Bat,33.46153846153846,140.7766990291262,Not Available,,,Sunrisers
AbhinavManohar,Right hand Bat,18.5,140.50632911392404,Legbreak Googly,,,Titans
ChrisLynn,Right hand Bat,49,140,Slow Left arm Orthodox,,,Mumbai
SeanAbbott,Right hand Bat,7,140,Right arm Fast medium,47,11.75,Sunrisers
JonnyBairstow,Right hand Bat,28.9375,139.4578313253012,Right arm Medium,,,Sunrisers
ShubmanGill,Right hand Bat,40.23913043478261,139.06836964688205,Right arm Offbreak,,,KKR
MahipalLomror,Left hand Bat,19.6875,138.76651982378854,Slow Left arm Orthodox,82,7.454545454545454,Royals
RomarioShepherd,Right hand Bat,19.333333333333332,138.0952380952381,Right arm Fast medium,32.666666666666664,10.88888888888889,Sunrisers
VijayShankar,Right hand Bat,23.125,138.05970149253733,Right arm Medium,32,10.105263157894736,Sunrisers
RishabhPant,Left hand Bat,32.81818181818182,138.04971319311662,Not Available,,,Capitals
RavindraJadeja,Left hand Bat,31.352941176470587,137.72609819121448,Slow Left arm Orthodox,27.405405405405407,7.455882352941177,Super Kings
RuturajGaikwad,Right hand Bat,37.92857142857143,137.6836646499568,Right arm Offbreak,,,Super Kings
DavidMiller,Left hand Bat,43.2,137.5796178343949,Right arm Offbreak,,,Royals
AdilRashid,Right hand Bat,11,137.5,Legbreak,45.5,9.1,Punjab Kings
SunilNarine,Left hand Bat,6.695652173913044,137.5,Right arm Offbreak,29.333333333333332,6.6,KKR
MoeenAli,Left hand Bat,23.387096774193548,137.31060606060606,Right arm Offbreak,23.857142857142858,7.039812646370023,Super Kings
SaiSudharsan,Left hand Bat,46.09090909090909,137.02702702702703,Legbreak,,,Titans
AxarPatel,Left hand Bat,26.57894736842105,136.85636856368563,Slow Left arm Orthodox,31.3,7.113636363636363,Capitals
ChrisMorris,Right hand Bat,13.4,136.73469387755102,Right arm Fast medium,25.066666666666666,9.170731707317072,Royals
AbhishekSharma,Left hand Bat,24.833333333333332,136.44688644688645,Slow Left arm Orthodox,35.333333333333336,8.48,Sunrisers
ChrisWoakes,Right hand Bat,0,136.36363636363635,Right arm Fast medium,16.4,7.454545454545454,Capitals
AmbatiRayudu,Right hand Bat,22.225806451612904,135.8974358974359,Right arm Offbreak,,,Super Kings
QuintondeKock,Left hand Bat,33.857142857142854,135.62231759656655,Not Available,,,Mumbai
RobinUthappa,Right hand Bat,23,135.29411764705884,Right arm Medium,,,Super Kings
NitishRana,Left hand Bat,29.666666666666668,134.84848484848484,"Right arm Medium, Right arm Offbreak, Legbreak",36.666666666666664,8.571428571428571,KKR
MShahrukhKhan,Right hand Bat,20.285714285714285,134.81012658227849,Right arm Offbreak,,,Punjab Kings
RahmanullahGurbaz,Right hand Bat,20.636363636363637,133.52941176470588,Not Available,,,KKR
DavidWarner,Left hand Bat,37.9,133.45070422535213,Legbreak,,,Sunrisers
ShreyasGopal,Right hand Bat,16,133.33333333333331,Legbreak,118,11.8,Royals
PrerakMankad,Right hand Bat,32.333333333333336,132.87671232876713,Right arm Medium,,,Punjab Kings
MayankAgarwal,Right hand Bat,27.484848484848484,132.60233918128654,Right arm Offbreak,,,Punjab Kings
MitchellMarsh,Right hand Bat,22.294117647058822,132.51748251748253,Right arm Medium,17,8.455958549222798,Capitals
RavichandranAshwin,Right hand Bat,18.875,132.45614035087718,Right arm Offbreak,35.60606060606061,7.500000000000001,Capitals
KLRahul,Right hand Bat,50.53333333333333,132.05574912891987,Not Available,,,Punjab Kings
IshanKishan,Left hand Bat,30.08108108108108,131.56028368794327,Not Available,,,Mumbai
AidenMarkram,Right hand Bat,32.291666666666664,131.35593220338984,Right arm Offbreak,78.5,8.642201834862385,Punjab Kings
JayantYadav,Right hand Bat,17,130.76923076923077,Right arm Offbreak,78,7.428571428571429,Mumbai
RahulTewatia,Left hand Bat,21.857142857142858,130.76923076923077,Legbreak,53.875,9.542435424354244,Royals
HardikPandya,Right hand Bat,30.967741935483872,130.43478260869566,Right arm Medium fast,40.90909090909091,8.108108108108109,Mumbai
VenkateshIyer,Left hand Bat,28.11764705882353,130.24523160762942,Right arm Medium,38.333333333333336,9.2,KKR
KieronPollard,Right hand Bat,21.61111111111111,130.10033444816054,Right arm Medium,24.444444444444443,8.098159509202453,Mumbai
HarpreetSingh,Left hand Bat,25.333333333333332,128.81355932203388,Right arm Medium,,,Punjab Kings
ShikharDhawan,Left hand Bat,39.77142857142857,128.76965772432933,Right arm Offbreak,,,Capitals
DeepakHooda,Right hand Bat,19.857142857142858,127.99263351749539,Right arm Offbreak,62.333333333333336,8.904761904761905,Punjab Kings
AbdulSamad,Right hand Bat,18.933333333333334,127.92792792792793,Legbreak,17,8.5,Sunrisers
MSDhoni,Right hand Bat,25,127.84090909090908,Right arm Medium,,,Super Kings
UmeshYadav,Right hand Bat,12.333333333333334,127.58620689655173,Right arm Fast,31.058823529411764,7.880597014925373,KKR
MatthewShort,Right hand Bat,19.5,127.17391304347827,Right arm Offbreak,0,6.25,Punjab Kings
RohitSharma,Right hand Bat,22.813953488372093,127.07253886010363,Right arm Offbreak,0,11.142857142857142,Mumbai
ViratKohli,Right hand Bat,33.78048780487805,127.06422018348624,Right arm Medium,,,RCB
AyushBadoni,Right hand Bat,18.88888888888889,126.39405204460968,Right arm Offbreak,5.5,5.0769230769230775,Super Giants
RiyanParag,Right hand Bat,14.16,125.97864768683273,Legbreak,66,12.98360655737705,Royals
DevduttPadikkal,Left hand Bat,26.2,125.65947242206235,Right arm Offbreak,,,RCB
ChrisGayle,Left hand Bat,21.444444444444443,125.32467532467533,Right arm Offbreak,,,Punjab Kings
SureshRaina,Left hand Bat,17.77777777777778,125,Right arm Offbreak,,,Super Kings
TomCurran,Right hand Bat,21,123.52941176470588,Right arm Fast medium,26,9.176470588235293,Capitals
MichaelBracewell,Left hand Bat,29,123.40425531914893,Right arm Offbreak,15.833333333333334,8.636363636363637,RCB
HarryBrook,Right hand Bat,21.11111111111111,123.37662337662339,Right arm Medium,,,Sunrisers
AnmolpreetSingh,Right hand Bat,19.142857142857142,122.93577981651376,Right arm Offbreak,,,Mumbai
ShreyasIyer,Right hand Bat,32,122.81449893390193,"Right arm Offbreak, Legbreak Googly",0,7,Capitals
SamBillings,Right hand Bat,24.142857142857142,122.46376811594205,Not Available,,,KKR
SanvirSingh,Right hand Bat,11,122.22222222222223,Right arm Medium,,,Sunrisers
SrikarBharat,Right hand Bat,28.428571428571427,122.08588957055215,Not Available,,,RCB
JasonHolder,Right hand Bat,11.071428571428571,122.04724409448819,Right arm Medium fast,27.11764705882353,9.054009819967268,Sunrisers
MananVohra,Right hand Bat,12.2,122,Right arm Medium,,,Royals
TrentBoult,Right hand Bat,19,121.27659574468086,Left arm Fast medium,28.80952380952381,7.995594713656387,Mumbai
ArshadKhan,Left hand Bat,9,120,Left arm Medium,38,13.411764705882353,Mumbai
KagisoRabada,Left hand Bat,10.166666666666666,119.6078431372549,Right arm Fast,23.755555555555556,8.620967741935484,Capitals
ChrisJordan,Right hand Bat,9.8,119.51219512195121,Right arm Fast medium,52,9.992882562277579,Punjab Kings
WriddhimanSaha,Right hand Bat,23.4,119.38775510204083,Not Available,,,Sunrisers
VishnuVinod,Right hand Bat,12.333333333333334,119.35483870967742,Not Available,,,Mumbai
KrunalPandya,Left hand Bat,17.724137931034484,118.9814814814815,Slow Left arm Orthodox,35.125,7.449189985272459,Mumbai
HarshalPatel,Right hand Bat,9.818181818181818,118.68131868131869,Right arm Medium,20.353846153846153,8.435706695005313,RCB
SaurabhTiwary,Left hand Bat,57.5,118.55670103092784,Not Available,,,Mumbai
GlennPhillips,Right hand Bat,9.285714285714286,118.18181818181819,Right arm Offbreak,20,8,Royals
KyleJamieson,Right hand Bat,16.25,118.18181818181819,Right arm Fast medium,29.88888888888889,9.607142857142858,RCB
ShahbazAhmed,Left hand Bat,16.842105263157894,117.21611721611723,Slow Left arm Orthodox,43.583333333333336,9.339285714285714,RCB
ManishPandey,Right hand Bat,25.714285714285715,116.88311688311688,Right arm Medium,,,Sunrisers
RasikhSalam,Right hand Bat,7,116.66666666666667,Right arm Medium,0,7,KKR
OdeanSmith,Right hand Bat,17,115.90909090909092,Right arm Fast medium,29.666666666666668,11.866666666666667,Punjab Kings
SuyashPrabhudessai,Right hand Bat,11.333333333333334,115.90909090909092,Right arm Medium,,,RCB
AnujRawat,Left hand Bat,18.333333333333332,115.78947368421053,Not Available,,,Royals
MatthewWade,Left hand Bat,15.7,113.76811594202898,Right arm Medium,,,Titans
TimSeifert,Right hand Bat,8.666666666666666,113.04347826086956,Not Available,,,KKR
RamandeepSingh,Right hand Bat,22.5,112.5,Right arm Medium,9,9,Mumbai
HarpreetBrar,Left hand Bat,15.333333333333334,111.29032258064515,Slow Left arm Orthodox,27.944444444444443,7.6020151133501255,Punjab Kings
AmanHakimKhan,Right hand Bat,12.777777777777779,110.57692307692308,Right arm Medium,0,13,KKR
RishiDhawan,Right hand Bat,14.25,109.61538461538463,Right arm Medium fast,30.857142857142858,8.307692307692308,Punjab Kings
RipalPatel,Right hand Bat,16,109.58904109589041,Right arm Medium fast,0,7.333333333333333,Capitals
AnukulRoy,Left hand Bat,7.666666666666667,109.52380952380953,Slow Left arm Orthodox,30,8,KKR
KedarJadhav,Right hand Bat,19.333333333333332,109.43396226415094,Right arm Offbreak,,,Sunrisers
NarayanJagadeesan,Right hand Bat,18.428571428571427,109.32203389830508,Not Available,,,Super Kings
WashingtonSundar,Left hand Bat,12.8,109.09090909090908,Right arm Offbreak,41.916666666666664,8.156756756756756,RCB
AnrichNortje,Right hand Bat,12.666666666666666,108.57142857142857,Right arm Fast,24.774193548387096,8.287769784172662,Capitals
SarfarazKhan,Right hand Bat,16,108.27067669172932,Legbreak,,,Punjab Kings
PriyamGarg,Right hand Bat,15.555555555555555,107.6923076923077,Right arm Medium,,,Sunrisers
StevenSmith,Right hand Bat,19.666666666666668,107.27272727272728,Legbreak Googly,,,Capitals
JamesNeesham,Left hand Bat,7.75,106.89655172413792,Right arm Medium fast,19,7.916666666666667,Mumbai
AbishekPorel,Left hand Bat,8.25,106.4516129032258,Not Available,,,Capitals
LalitYadav,Right hand Bat,21.071428571428573,106.11510791366908,Right arm Offbreak,36.9,8.2,Capitals
DanielSams,Right hand Bat,5.5,104.76190476190477,Left arm Fast medium,29.214285714285715,8.520833333333334,RCB
PiyushChawla,Left hand Bat,8.333333333333334,104.16666666666667,Legbreak,23.17391304347826,8.2,Mumbai
ShivamMavi,Right hand Bat,7,103.7037037037037,Right arm Fast medium,28.75,8.492307692307692,KKR
HrithikShokeen,Right hand Bat,22,101.53846153846153,Right arm Offbreak,62.8,9.235294117647058,Mumbai
KaneWilliamson,Right hand Bat,24.470588235294116,100.2409638554217,Right arm Offbreak,,,Sunrisers
AbdulBasith,Right hand Bat,0,100,Right arm Offbreak,,,Royals
DasunShanaka,Right hand Bat,13,100,Right arm Medium,,,Titans
DawidMalan,Left hand Bat,26,100,Legbreak,,,Punjab Kings
HarbhajanSingh,Right hand Bat,0,100,Right arm Offbreak,0,9,KKR
IshantSharma,Right hand Bat,0,100,Right arm Fast medium,27.545454545454547,8.18918918918919,Capitals
JofraArcher,Right hand Bat,0,100,Right arm Fast,95,9.5,Mumbai
LittonDas,Right hand Bat,4,100,Right arm Offbreak,,,KKR
MaheeshTheekshana,Right hand Bat,7,100,Right arm Offbreak,29.333333333333332,7.7,Super Kings
MohsinKhan,Left hand Bat,11.5,100,Left arm Medium fast,17.88235294117647,7.069767441860465,Super Giants
MujeebUrRahman,Right hand Bat,0,100,Right arm Offbreak,14.5,7.25,Sunrisers
MukeshChoudhary,Left hand Bat,6,100,Left arm Medium,26.5,9.31868131868132,Super Kings
SiddarthKaul,Right hand Bat,0,100,Right arm Medium,51.8,8.633333333333333,Sunrisers
RahulChahar,Right hand Bat,7,98.91304347826086,Legbreak Googly,30.37142857142857,7.629186602870813,Mumbai
WaninduHasaranga,Right hand Bat,7.2,98.63013698630137,Legbreak,21.37142857142857,8.130434782608695,RCB
ShakibAlHasan,Left hand Bat,9.4,97.91666666666666,Slow Left arm Orthodox,46.75,7.1923076923076925,KKR
BhuvneshwarKumar,Right hand Bat,14.285714285714286,97.0873786407767,Right arm Medium,33.61764705882353,7.873708381171069,Sunrisers
MoisesHenriques,Right hand Bat,15.5,96.875,Right arm Fast medium,11.25,4.5,Punjab Kings
EoinMorgan,Left hand Bat,11.083333333333334,95.68345323741008,Right arm Medium,,,KKR
AdamMilne,Right hand Bat,8,94.11764705882352,Right arm Fast,50,9.090909090909092,Mumbai
RassievanderDussen,Right hand Bat,11,91.66666666666666,Legbreak,,,Royals
ViratSingh,Left hand Bat,11,91.66666666666666,Legbreak Googly,,,Sunrisers
MarcoJansen,Right hand Bat,8,90.56603773584906,Left arm Medium fast,30.842105263157894,9.015384615384615,Mumbai
KartikTyagi,Right hand Bat,3,90,Right arm Fast,49.166666666666664,10.473372781065088,Royals
KarunNair,Right hand Bat,8,88.88888888888889,Right arm Offbreak,,,Royals
NoorAhmad,Right hand Bat,4,88.88888888888889,Left arm Wrist spin,23.0625,7.8233215547703185,Titans
MandeepSingh,Right hand Bat,6.714285714285714,88.67924528301887,Right arm Medium,,,Punjab Kings
SheldonJackson,Right hand Bat,5.75,88.46153846153845,Not Available,,,KKR
BenStokes,Left hand Bat,5,88.23529411764706,Right arm Fast medium,0,15,Royals
SimarjeetSingh,Right hand Bat,7,87.5,Right arm Medium fast,34.5,7.666666666666667,Super Kings
DavidWilley,Left hand Bat,26.5,85.48387096774194,Left arm Fast medium,44.25,6.8076923076923075,RCB
MohammedSiraj,Right hand Bat,12.75,83.60655737704919,Right arm Fast,31.846153846153847,8.117647058823529,RCB
PraveenDubey,Right hand Bat,16,80,Legbreak Googly,19,6.333333333333333,Capitals
KuldeepYadav,Left hand Bat,26.333333333333332,79,Left arm Wrist spin,25.161290322580644,7.905405405405405,Capitals
RajBawa,Left hand Bat,5.5,78.57142857142857,Right arm Medium fast,,,Punjab Kings
MohammedShami,Right hand Bat,6,78.26086956521739,Right arm Fast,20.970149253731343,7.863805970149254,Punjab Kings
KaranSharma,Right hand Bat,3.5,77.77777777777779,Right arm Offbreak,,,Super Giants
MukeshKumar,Right hand Bat,0,77.77777777777779,Right arm Medium,46.57142857142857,10.516129032258064,Capitals
MitchellSantner,Left hand Bat,12,77.41935483870968,Slow Left arm Orthodox,30.142857142857142,6.806451612903226,Super Kings
TristanStubbs,Right hand Bat,6.75,77.14285714285715,Right arm Offbreak,14,7,Mumbai
SandeepSharma,Right hand Bat,10,76.92307692307693,Right arm Medium,50.13333333333333,8.402234636871508,Sunrisers
Naveen-ul-Haq,Right hand Bat,16,76.19047619047619,Right arm Medium fast,19.90909090909091,7.821428571428571,Super Giants
NathanEllis,Right hand Bat,4.75,76,Right arm Fast medium,28.470588235294116,8.8,Punjab Kings
DarylMitchell,Right hand Bat,16.5,75,Right arm Medium,0,13.5,Royals
KumarKartikeya,Right hand Bat,4.5,75,"Slow Left arm Orthodox, Left arm Wrist spin",32.9,8.435897435897436,Mumbai
FabianAllen,Right hand Bat,7,73.68421052631578,Slow Left arm Orthodox,68,9.066666666666666,Punjab Kings
ArshdeepSingh,Left hand Bat,8.333333333333334,73.52941176470588,Left arm Medium fast,27.11111111111111,8.581477139507621,Punjab Kings
NathanCoulter-Nile,Right hand Bat,2.5,71.42857142857143,Right arm Fast,25,7.608695652173913,Mumbai
MuruganAshwin,Right hand Bat,5.4,71.05263157894737,Legbreak Googly,37.8,8.590909090909092,Punjab Kings
BabaIndrajith,Right hand Bat,7,70,Legbreak Googly,,,KKR
YashDhull,Right hand Bat,5.333333333333333,69.56521739130434,Right arm Offbreak,,,Capitals
JoshHazlewood,Left hand Bat,0,67.85714285714286,Right arm Fast medium,21.941176470588236,8.243093922651934,Super Kings
DeepakChahar,Right hand Bat,0,66.66666666666666,Right arm Medium,26.185185185185187,8.416666666666666,Super Kings
HarshitRana,Right hand Bat,1,66.66666666666666,Right arm Fast,33,9,KKR
JasonBehrendorff,Right hand Bat,0,66.66666666666666,Left arm Fast medium,27.642857142857142,9.214285714285714,Mumbai
JoeRoot,Right hand Bat,10,66.66666666666666,"Right arm Offbreak, Legbreak",0,7,Royals
NavdeepSaini,Right hand Bat,2,66.66666666666666,Right arm Fast,33,12.375,RCB
SherfaneRutherford,Left hand Bat,16.5,66,Right arm Fast medium,,,RCB
RaviBishnoi,Right hand Bat,5.25,65.625,Legbreak Googly,26.26829268292683,7.665480427046264,Punjab Kings
ChetanSakariya,Left hand Bat,3.3333333333333335,64.51612903225806,Left arm Medium fast,29.95,8.43661971830986,Royals
JaspritBumrah,Right hand Bat,4,64,Right arm Fast,22.02777777777778,7.32,Mumbai
AmitMishra,Right hand Bat,19,63.33333333333333,Legbreak,18.916666666666668,7.827586206896552,Capitals
AlzarriJoseph,Right hand Bat,12,63.1578947368421,Right arm Fast,34.92857142857143,9.055555555555555,Titans
AdamZampa,Right hand Bat,3.3333333333333335,62.5,Legbreak Googly,23.5,8.545454545454545,Royals
JhyeRichardson,Right hand Bat,7.5,62.5,Right arm Fast,39,10.636363636363637,Punjab Kings
KarnSharma,Left hand Bat,1.5,60,Legbreak Googly,22.3,10.372093023255815,RCB
MustafizurRahman,Left hand Bat,0,60,Left arm Fast medium,33,8.355963302752293,Royals
DanChristian,Right hand Bat,2.3333333333333335,58.333333333333336,Right arm Fast medium,38.75,9.299999999999999,RCB
VaibhavArora,Right hand Bat,4,53.333333333333336,Right arm Fast medium,38.75,9.16256157635468,Punjab Kings
AbhijeetTomar,Right hand Bat,4,50,Right arm Offbreak,,,KKR
GeorgeGarton,Left hand Bat,2,50,Left arm Fast,45,9,RCB
MohitRathee,Right hand Bat,0,50,Legbreak,0,14.5,Punjab Kings
SwapnilSingh,Right hand Bat,0,50,Slow Left arm Orthodox,0,9,Super Giants
TabraizShamsi,Right hand Bat,0,50,Left arm Wrist spin,0,8.5,Royals
YudhvirSingh,Right hand Bat,0.5,50,Right arm Medium fast,23.333333333333332,8.75,Super Giants
VarunChakravarthy,Right hand Bat,7.5,48.38709677419355,Legbreak Googly,27.477272727272727,7.572025052192068,KKR
PrasidhKrishna,Right hand Bat,3,46.15384615384615,Right arm Fast medium,29.096774193548388,8.59047619047619,KKR
YuzvendraChahal,Right hand Bat,15,42.857142857142854,Legbreak Googly,20.196969696969695,7.668264621284755,RCB
SachinBaby,Left hand Bat,7,41.17647058823529,Right arm Offbreak,,,RCB
PradeepSangwan,Right hand Bat,2,40,Left arm Medium,21.666666666666668,7.222222222222222,Titans
WayneParnell,Left hand Bat,2,40,Left arm Medium fast,26.22222222222222,9.37748344370861,RCB
TimSouthee,Right hand Bat,1,29.411764705882355,Right arm Medium fast,23.63157894736842,8.471698113207546,KKR
JagadeeshaSuchith,Left hand Bat,1,25,Slow Left arm Orthodox,26.428571428571427,8.80952380952381,Sunrisers
KhaleelAhmed,Right hand Bat,0.3333333333333333,25,Left arm Fast medium,26.433333333333334,8.332749562171628,Sunrisers
FazalhaqFarooqi,Right hand Bat,0,23.076923076923077,Left arm Fast medium,37.833333333333336,8.960526315789474,Sunrisers
DarshanNalkande,Right hand Bat,0,0,Right arm Fast medium,34.333333333333336,11.236363636363636,Titans
DhawalKulkarni,Right hand Bat,0,0,Right arm Medium,0,12,Mumbai
KamleshNagarkoti,Right hand Bat,0,0,Right arm Fast,0,13.5,KKR
KMAsif,Right hand Bat,0,0,Right arm Medium,39,9.649484536082474,Super Kings
KuldeepSen,Right hand Bat,0,0,Right arm Fast,33.125,9.408284023668639,Royals
KuldipYadav,Left hand Bat,0,0,Left arm Fast medium,42,9.333333333333334,Royals
MohitSharma,Right hand Bat,0,0,Right arm Medium,13.37037037037037,8.173584905660379,Titans
RileyMeredith,Right hand Bat,0,0,Right arm Fast,32.21052631578947,9.463917525773196,Punjab Kings
SanjayYadav,Left hand Bat,0,0,Slow Left arm Orthodox,0,11.5,Mumbai
ShahbazNadeem,Right hand Bat,0,0,Slow Left arm Orthodox,36,9,Sunrisers
TNatarajan,Left hand Bat,0,0,Left arm Medium,29.5,9.21875,Sunrisers
TusharDeshpande,Left hand Bat,0,0,Right arm Medium,28.454545454545453,9.962864721485412,Super Kings
TymalMills,Right hand Bat,0,0,Left arm Fast,31.666666666666668,11.176470588235293,Mumbai
YashDayal,Right hand Bat,0,0,Left arm Medium fast,35.46153846153846,10.021739130434783,Titans
AkashMadhwal,Right hand Bat,,,Right arm Medium fast,15.642857142857142,8.588235294117647,Mumbai
AkashSingh,Right hand Bat,,,Left arm Medium fast,45.4,9.869565217391305,Royals
AndrewTye,Right hand Bat,,,Right arm Medium fast,53.5,9.727272727272727,Super Giants
BasilThampi,Right hand Bat,,,Right arm Fast medium,30.4,9.5,Mumbai
DuanJansen,Right hand Bat,,,Left arm Fast,53,13.25,Mumbai
GurnoorBrar,Left hand Bat,,,Right arm Fast,0,14,Punjab Kings
HimanshuSharma,Right hand Bat,,,Legbreak,0,9.333333333333334,RCB
ImranTahir,Right hand Bat,,,Legbreak Googly,8,4,Super Kings
IshanPorel,Right hand Bat,,,Right arm Medium,39,9.75,Punjab Kings
JalajSaxena,Right hand Bat,,,"Right arm Offbreak, Legbreak Googly",0,9,Punjab Kings
JoshLittle,Right hand Bat,,,Left arm Fast medium,42,8.647058823529411,Titans
KaneRichardson,Right hand Bat,,,Right arm Fast medium,29,9.666666666666666,RCB
KulwantKhejroliya,Left hand Bat,,,Left arm Medium fast,32,14.76923076923077,KKR
LukmanMeriwala,Left hand Bat,,,Left arm Fast medium,32,10.666666666666666,Capitals
LungiNgidi,Right hand Bat,,,Right arm Fast medium,25,10.416666666666666,Super Kings
MatheeshaPathirana,Right hand Bat,,,Right arm Fast,21.105263157894736,8.046822742474916,Super Kings
MayankDagar,Right hand Bat,,,Slow Left arm Orthodox,83,7.545454545454546,Sunrisers
NitishKumarReddy,Right hand Bat,,,Right arm Medium fast,0,10.8,Sunrisers
PrashantSolanki,Right hand Bat,,,Legbreak,19,6.333333333333333,Super Kings
RaghavGoyal,Left hand Bat,,,Left arm Wrist spin,0,8.25,Mumbai
RajvardhanHangargekar,Right hand Bat,,,Right arm Fast medium,20,10,Super Kings
ReeceTopley,Right hand Bat,,,Left arm Fast medium,14,7,RCB
SaiKishore,Left hand Bat,,,Slow Left arm Orthodox,20.166666666666668,7.5625,Titans
SandeepWarrier,Right hand Bat,,,Right arm Medium,0,7.5,KKR
SisandaMagala,Right hand Bat,,,Right arm Fast medium,51,8.5,Super Kings
SuyashSharma,Right hand Bat,,,Legbreak Googly,32.1,8.23076923076923,KKR
VarunAaron,Right hand Bat,,,Right arm Fast,26,10.4,Titans
YashThakur,Right hand Bat,,,Right arm Fast medium,22.23076923076923,9.078534031413612,Super Giants
